Date,Rainfall (mm),Tmax (°C),Tmin (°C),Tmean (°C),Tavg (°C),Tmean_final (°C),ET (mm/day),Ra (mm/day),relative_humidity,ndvi_modis,Latitude,Longitude,Station
2015-01-01,0.0234967,22.6,14.5,18.6,18.55,18.6,2.466598002237265,10.352056801893687,0.643971,0.550184,20.8425,-156.3471,Cabaero Farms
2015-01-02,0.0603516,22.6,15.2,18.9,18.9,18.9,2.381319712422684,10.370697029104244,0.7502030000000001,0.556275,20.8425,-156.3471,Cabaero Farms
2015-01-03,42.3379,22.2,15.2,18.7,18.7,18.7,2.3079003848434634,10.390760604111405,0.639766,0.584286,20.8425,-156.3471,Cabaero Farms
2015-01-04,0.103466,22.4,13.8,18.1,18.1,18.1,2.52124784067619,10.41223662191665,0.620797,0.57839,20.8425,-156.3471,Cabaero Farms
2015-01-05,0.0790966,22.5,14.3,18.4,18.4,18.4,2.4879434419671442,10.435113343929228,0.640398,0.584603,20.8425,-156.3471,Cabaero Farms
2015-01-06,2.95611,22.8,15.6,19.2,19.2,19.2,2.3883703733759654,10.459378202732497,0.643341,0.584603,20.8425,-156.3471,Cabaero Farms
2015-01-07,0.0,22.7,14.9,18.8,18.8,18.8,2.465048083819151,10.485017807349113,0.591789,0.573358,20.8425,-156.3471,Cabaero Farms
2015-01-08,0.0,23.3,13.7,18.5,18.5,18.5,2.7192940432032797,10.512017949023171,0.591834,0.573358,20.8425,-156.3471,Cabaero Farms
2015-01-09,0.0,23.8,15.0,19.4,19.4,19.4,2.6752705257637515,10.540363607537904,0.598086,0.57855,20.8425,-156.3471,Cabaero Farms
2015-01-10,0.0,24.3,15.3,19.8,19.8,19.8,2.742290907286244,10.570038958087588,0.618928,0.580526,20.8425,-156.3471,Cabaero Farms
2015-01-11,0.0,24.7,15.5,20.1,20.1,20.1,2.802908469048835,10.601027378722502,0.614275,0.576917,20.8425,-156.3471,Cabaero Farms
2015-01-12,0.0,24.6,14.9,19.8,19.75,19.8,2.8639806735656346,10.633311458385574,0.614816,0.58083,20.8425,-156.3471,Cabaero Farms
2015-01-13,0.0,24.3,14.4,19.3,19.35,19.3,2.8638908872697795,10.666873005559204,0.634935,0.585641,20.8425,-156.3471,Cabaero Farms
2015-01-14,0.0,24.6,14.5,19.6,19.55,19.6,2.9255842927051323,10.701693057540393,0.6471429999999999,,20.8425,-156.3471,Cabaero Farms
2015-01-15,0.0,25.5,16.1,20.8,20.8,20.8,2.922755135660748,10.737751890361727,0.618702,0.576018,20.8425,-156.3471,Cabaero Farms
2015-01-16,0.0,25.4,15.9,20.6,20.65,20.6,2.9331840309403936,10.775029029375208,0.654177,0.576018,20.8425,-156.3471,Cabaero Farms
2015-01-17,0.0,25.4,15.9,20.6,20.65,20.6,2.9436575062391146,10.813503260515073,0.6404949999999999,0.576018,20.8425,-156.3471,Cabaero Farms
2015-01-18,0.0,25.6,15.7,20.6,20.65,20.6,3.016008552959749,10.853152642254882,0.607723,0.583015,20.8425,-156.3471,Cabaero Farms
2015-01-19,0.0,25.5,16.9,21.2,21.2,21.2,2.865676923500037,10.893954518273057,0.6599290000000001,0.579197,20.8425,-156.3471,Cabaero Farms
2015-01-20,0.0,25.5,17.0,21.2,21.25,21.2,2.8599330172351283,10.93588553083993,0.642076,0.576337,20.8425,-156.3471,Cabaero Farms
2015-01-21,0.0,25.1,16.2,20.7,20.65,20.7,2.90030221351526,10.97892163493801,0.6435150000000001,0.563321,20.8425,-156.3471,Cabaero Farms
2015-01-22,5.92465e-05,25.6,16.3,21.0,20.950000000000003,21.0,2.999869378550694,11.023038113125821,0.63269,0.563321,20.8425,-156.3471,Cabaero Farms
2015-01-23,0.0,25.8,18.3,22.0,22.05,22.0,2.7747184010164405,11.068209591154103,0.64201,0.564707,20.8425,-156.3471,Cabaero Farms
2015-01-24,1.26348,24.3,17.7,21.0,21.0,21.0,2.548108666525442,11.114410054341567,0.711833,0.564707,20.8425,-156.3471,Cabaero Farms
2015-01-25,20.389,22.7,16.8,19.8,19.75,19.8,2.344599358957987,11.161612864715611,0.749098,0.55842,20.8425,-156.3471,Cabaero Farms
2015-01-26,6.43379,24.4,16.5,20.4,20.45,20.4,2.768230513876493,11.20979077892173,0.632645,0.550512,20.8425,-156.3471,Cabaero Farms
2015-01-27,0.00685308,24.3,16.0,20.2,20.15,20.2,2.8349607895459523,11.258915966903254,0.639747,0.565067,20.8425,-156.3471,Cabaero Farms
2015-01-28,0.0,25.2,16.5,20.8,20.85,20.8,2.961402482870783,11.308960031351264,0.630726,0.582638,20.8425,-156.3471,Cabaero Farms
2015-01-29,0.0,25.1,15.9,20.5,20.5,20.5,3.0352523476048576,11.359894027922381,0.659833,0.582638,20.8425,-156.3471,Cabaero Farms
2015-01-30,0.000673357,25.2,16.9,21.0,21.049999999999997,21.0,2.9339216755826905,11.411688486220045,0.634972,0.574355,20.8425,-156.3471,Cabaero Farms
2015-01-31,0.0937945,25.0,17.5,21.2,21.25,21.2,2.8162494881328484,11.464313431532803,0.6747029999999999,0.574355,20.8425,-156.3471,Cabaero Farms
2015-02-01,1.99203,24.2,17.6,20.9,20.9,20.9,2.6337708055334814,11.51773840732086,0.70073,0.57261,20.8425,-156.3471,Cabaero Farms
2015-02-02,12.4592,24.3,16.6,20.4,20.450000000000003,20.4,2.8212557236519884,11.571932498439999,0.681912,0.541829,20.8425,-156.3471,Cabaero Farms
2015-02-03,1.26155,24.9,19.4,22.2,22.15,22.2,2.508602079188315,11.62686435508962,0.718915,0.555391,20.8425,-156.3471,Cabaero Farms
2015-02-04,6.39092,25.0,19.5,22.2,22.25,22.2,2.5206064556895966,11.682502217469526,0.696563,0.53184,20.8425,-156.3471,Cabaero Farms
2015-02-05,5.67172,24.4,17.7,21.0,21.049999999999997,21.0,2.7115722586873896,11.73881394112767,0.628833,0.562932,20.8425,-156.3471,Cabaero Farms
2015-02-06,0.00444516,24.1,15.6,19.8,19.85,19.8,2.97407098519079,11.795767022978906,0.607944,0.57553,20.8425,-156.3471,Cabaero Farms
2015-02-07,8.9847e-06,23.5,15.2,19.4,19.35,19.4,2.9217977295559523,11.853328627972495,0.582143,0.57553,20.8425,-156.3471,Cabaero Farms
2015-02-08,0.0,24.8,15.3,20.0,20.05,20.0,3.191880620542876,11.911465616383843,0.5839719999999999,0.592054,20.8425,-156.3471,Cabaero Farms
2015-02-09,0.881706,24.5,18.1,21.3,21.3,21.3,2.723290531739086,11.970144571703798,0.7389060000000001,0.580065,20.8425,-156.3471,Cabaero Farms
2015-02-10,0.59468,23.7,17.2,20.4,20.45,20.4,2.694569454368795,12.029331829096595,0.6858329999999999,0.574825,20.8425,-156.3471,Cabaero Farms
2015-02-11,0.318981,24.1,16.1,20.1,20.1,20.1,2.9805896133815755,12.088993504395443,0.574954,0.574825,20.8425,-156.3471,Cabaero Farms
2015-02-12,0.105696,24.3,15.2,19.8,19.75,19.8,3.16942386598051,12.149095523602663,0.577626,0.569034,20.8425,-156.3471,Cabaero Farms
2015-02-13,0.0,24.9,17.9,21.4,21.4,21.4,2.912490310471364,12.209603652859247,0.713339,0.558215,20.8425,-156.3471,Cabaero Farms
2015-02-14,1.89231,24.4,18.2,21.3,21.299999999999997,21.3,2.7476544551211557,12.270483528846748,0.7207089999999999,0.558215,20.8425,-156.3471,Cabaero Farms
2015-02-15,4.9744,23.5,14.7,19.1,19.1,19.1,3.1046919342316945,12.331700689582568,0.6485569999999999,0.558215,20.8425,-156.3471,Cabaero Farms
2015-02-16,0.0,24.3,14.1,19.2,19.2,19.2,3.3683237413427785,12.393220605567919,0.6507200000000001,0.569034,20.8425,-156.3471,Cabaero Farms
2015-02-17,0.158985,25.5,16.3,20.9,20.9,20.9,3.362611936864441,12.455008711245924,0.6639700000000001,0.577879,20.8425,-156.3471,Cabaero Farms
2015-02-18,0.0,25.3,16.3,20.8,20.8,20.8,3.3337858865175587,12.517030436725832,0.6485120000000001,0.59352,20.8425,-156.3471,Cabaero Farms
2015-02-19,2.01767e-05,25.3,17.6,21.4,21.450000000000003,21.4,3.1471254630164798,12.579251239727835,0.687701,0.593861,20.8425,-156.3471,Cabaero Farms
2015-02-20,0.213251,25.5,18.1,21.8,21.8,21.8,3.132147349525716,12.641636637701312,0.6752429999999999,0.593861,20.8425,-156.3471,Cabaero Farms
2015-02-21,1.05266,24.4,17.5,21.0,20.95,21.0,2.9780349922641256,12.704152240068495,0.645851,0.586353,20.8425,-156.3471,Cabaero Farms
2015-02-22,0.0,25.1,17.4,21.2,21.25,21.2,3.1777419591601324,12.766763780543785,0.697308,0.574463,20.8425,-156.3471,Cabaero Farms
2015-02-23,0.0,25.8,17.3,21.6,21.55,21.6,3.389542816110323,12.829437149478599,0.679976,0.574463,20.8425,-156.3471,Cabaero Farms
2015-02-24,0.0,25.4,17.3,21.3,21.35,21.3,3.299681811445262,12.892138426179972,0.6689740000000001,0.547718,20.8425,-156.3471,Cabaero Farms
2015-02-25,0.00572332,25.0,17.5,21.2,21.25,21.2,3.182401160698811,12.954833911150963,0.617915,0.51879,20.8425,-156.3471,Cabaero Farms
2015-02-26,0.0405263,25.8,17.7,21.8,21.75,21.8,3.374370684423533,13.0174901581999,0.665475,0.501559,20.8425,-156.3471,Cabaero Farms
2015-02-27,0.0828625,26.0,17.3,21.6,21.65,21.6,3.496180815299161,13.0800740063651,0.7072769999999999,0.551263,20.8425,-156.3471,Cabaero Farms
2015-02-28,1.86327,24.5,18.9,21.7,21.7,21.7,2.8255218454707407,13.142552611601355,0.7415080000000001,0.535144,20.8425,-156.3471,Cabaero Farms
2015-03-01,6.70626,24.6,18.5,21.6,21.55,21.6,2.955451776980814,13.204893478174128,0.72073,0.559482,20.8425,-156.3471,Cabaero Farms
2015-03-02,12.3217,25.8,18.8,22.3,22.3,22.3,3.2373978118727873,13.267064489707506,0.691507,0.542879,20.8425,-156.3471,Cabaero Farms
2015-03-03,0.877609,25.6,18.4,22.0,22.0,22.0,3.273978552878727,13.329033939831808,0.685126,0.557292,20.8425,-156.3471,Cabaero Farms
2015-03-04,22.3768,22.3,17.2,19.8,19.75,19.8,2.6152086130036967,13.390770562377082,0.7421089999999999,0.550274,20.8425,-156.3471,Cabaero Farms
2015-03-05,34.0287,21.6,16.4,19.0,19.0,19.0,2.5964026779155542,13.452243561059086,0.81518,0.53821,20.8425,-156.3471,Cabaero Farms
2015-03-06,6.41869,21.2,15.8,18.5,18.5,18.5,2.621782743996905,13.513422638604753,0.725684,0.488343,20.8425,-156.3471,Cabaero Farms
2015-03-07,9.71685,21.1,15.5,18.3,18.3,18.3,2.6671398697502497,13.574278025264872,0.687174,0.465273,20.8425,-156.3471,Cabaero Farms
2015-03-08,0.0411685,20.2,15.7,18.0,17.95,18.0,2.381580526709176,13.634780506662521,0.800098,0.509505,20.8425,-156.3471,Cabaero Farms
2015-03-09,2.37414,21.1,14.8,18.0,17.950000000000003,18.0,2.830349382526747,13.694901450926661,0.7575799999999999,0.509505,20.8425,-156.3471,Cabaero Farms
2015-03-10,0.0149055,22.7,13.8,18.2,18.25,18.2,3.3976114415285434,13.754612835061367,0.656953,0.502562,20.8425,-156.3471,Cabaero Farms
2015-03-11,1.11173,20.7,14.8,17.8,17.75,17.8,2.7473864209154675,13.813887270502542,0.807462,0.502562,20.8425,-156.3471,Cabaero Farms
2015-03-12,12.0893,20.3,15.5,17.9,17.9,17.9,2.4956150944427504,13.872698027815124,0.793078,0.503648,20.8425,-156.3471,Cabaero Farms
2015-03-13,2.53588,20.9,14.3,17.6,17.6,17.6,2.9139758773247166,13.931019060485383,0.634784,0.523777,20.8425,-156.3471,Cabaero Farms
2015-03-14,0.0118911,22.5,14.6,18.6,18.55,18.6,3.2917284675798872,13.988825027764507,0.554814,0.544986,20.8425,-156.3471,Cabaero Farms
2015-03-15,0.0,23.1,14.4,18.8,18.75,18.8,3.4875788498004834,14.046091316521451,0.571206,0.538608,20.8425,-156.3471,Cabaero Farms
2015-03-16,0.151479,24.1,14.6,19.4,19.35,19.4,3.719099030015356,14.102794062064783,0.576209,0.560781,20.8425,-156.3471,Cabaero Farms
2015-03-17,0.000231978,24.3,14.7,19.5,19.5,19.5,3.7635883082013635,14.158910167895277,0.585374,0.55906,20.8425,-156.3471,Cabaero Farms
2015-03-18,0.00565794,24.7,15.0,19.8,19.85,19.8,3.828517265036923,14.214417324353205,0.59637,0.55906,20.8425,-156.3471,Cabaero Farms
2015-03-19,0.00239217,25.1,15.6,20.4,20.35,20.4,3.864163451400401,14.269294026126227,0.634054,0.553665,20.8425,-156.3471,Cabaero Farms
2015-03-20,0.838687,25.3,17.0,21.2,21.15,21.2,3.7015296759400163,14.323519588586217,0.6920350000000001,0.558674,20.8425,-156.3471,Cabaero Farms
2015-03-21,5.42381,25.3,17.5,21.4,21.4,21.4,3.6201929425585737,14.377074162925778,0.6657890000000001,0.553991,20.8425,-156.3471,Cabaero Farms
2015-03-22,0.0134329,25.6,17.9,21.8,21.75,21.8,3.646975721888284,14.429938750067345,0.656564,0.571118,20.8425,-156.3471,Cabaero Farms
2015-03-23,0.0,25.6,17.2,21.4,21.4,21.4,3.784294656517457,14.48209521332077,0.6438379999999999,0.558926,20.8425,-156.3471,Cabaero Farms
2015-03-24,0.0277061,26.0,16.7,21.4,21.35,21.4,3.9960082655758273,14.533526289767362,0.652279,0.556724,20.8425,-156.3471,Cabaero Farms
2015-03-25,0.251544,25.3,17.5,21.4,21.4,21.4,3.67235181448075,14.5842156003514,0.676152,0.569928,20.8425,-156.3471,Cabaero Farms
2015-03-26,12.4491,24.1,17.6,20.8,20.85,20.8,3.3123731207037825,14.63414765866257,0.7065980000000001,0.569928,20.8425,-156.3471,Cabaero Farms
2015-03-27,0.719201,25.1,17.6,21.4,21.35,21.4,3.6255044278608226,14.683307878395693,0.6354339999999999,0.569928,20.8425,-156.3471,Cabaero Farms
2015-03-28,0.0137619,25.7,17.5,21.6,21.6,21.6,3.8228154862074035,14.731682579476722,0.687389,0.557185,20.8425,-156.3471,Cabaero Farms
2015-03-29,0.0490265,25.8,17.6,21.7,21.700000000000003,21.7,3.844895296303463,14.779258992846932,0.665556,0.568959,20.8425,-156.3471,Cabaero Farms
2015-03-30,1.05264,25.2,18.4,21.8,21.799999999999997,21.8,3.5212934114903365,14.826025263899894,0.6626460000000001,0.585702,20.8425,-156.3471,Cabaero Farms
2015-03-31,0.0,26.0,17.3,21.6,21.65,21.6,3.9751378901722774,14.871970454568809,0.648722,0.588263,20.8425,-156.3471,Cabaero Farms
2015-04-01,0.0,26.4,18.0,22.2,22.2,22.2,3.977511294323458,14.917084544064393,0.641179,0.568643,20.8425,-156.3471,Cabaero Farms
2015-04-02,0.011036,26.1,18.5,22.3,22.3,22.3,3.8040834214208323,14.961358428266552,0.6517449999999999,0.565193,20.8425,-156.3471,Cabaero Farms
2015-04-03,0.0606077,26.9,18.3,22.6,22.6,22.6,4.088727547862808,15.004783917775635,0.64324,0.565193,20.8425,-156.3471,Cabaero Farms
2015-04-04,0.0,26.6,18.7,22.7,22.65,22.7,3.9396399738952117,15.047353734632042,0.6328820000000001,0.561989,20.8425,-156.3471,Cabaero Farms
2015-04-05,0.0977564,26.2,18.7,22.4,22.45,22.4,3.8207335298315455,15.089061507715588,0.638233,0.539628,20.8425,-156.3471,Cabaero Farms
2015-04-06,0.0263146,25.6,18.0,21.8,21.8,21.8,3.7989705458026926,15.12990176683861,0.567911,0.55466,20.8425,-156.3471,Cabaero Farms
2015-04-07,0.130452,24.6,17.4,21.0,21.0,21.0,3.632517096985948,15.169869935549784,0.690227,0.55466,20.8425,-156.3471,Cabaero Farms
2015-04-08,1.04337,24.3,18.4,21.3,21.35,21.3,3.3222337301602494,15.208962322667785,0.6559130000000001,0.55466,20.8425,-156.3471,Cabaero Farms
2015-04-09,0.00569301,24.8,17.9,21.3,21.35,21.3,3.601791388835965,15.247176112566747,0.6326579999999999,0.565033,20.8425,-156.3471,Cabaero Farms
2015-04-10,0.121115,25.5,17.6,21.6,21.55,21.6,3.893042147293311,15.284509354237882,0.6108899999999999,0.553477,20.8425,-156.3471,Cabaero Farms
2015-04-11,0.0108024,25.6,18.5,22.0,22.05,22.0,3.73702573026611,15.32096094915379,0.630197,0.573535,20.8425,-156.3471,Cabaero Farms
2015-04-12,0.000454539,25.7,17.9,21.8,21.799999999999997,21.8,3.906280573719224,15.356530637964562,0.634674,0.573535,20.8425,-156.3471,Cabaero Farms
2015-04-13,0.509953,25.6,17.9,21.8,21.75,21.8,3.8899265578762945,15.391218986056817,0.631463,0.573535,20.8425,-156.3471,Cabaero Farms
2015-04-14,1.45999,25.6,18.4,22.0,22.0,22.0,3.788812378180922,15.425027368008852,0.7081399999999999,0.577246,20.8425,-156.3471,Cabaero Farms
2015-04-15,2.5703,25.0,18.7,21.8,21.85,21.8,3.5338280873959085,15.457957950977278,0.7009000000000001,0.567851,20.8425,-156.3471,Cabaero Farms
2015-04-16,3.4377,25.9,18.6,22.2,22.25,22.2,3.8503575323468042,15.490013677052202,0.6791419999999999,0.550852,20.8425,-156.3471,Cabaero Farms
2015-04-17,1.12669,26.5,19.0,22.8,22.75,22.8,3.9692618248672478,15.521198244619914,0.639728,0.558331,20.8425,-156.3471,Cabaero Farms
2015-04-18,0.00159271,26.1,19.1,22.6,22.6,22.6,3.823234663998626,15.55151608877368,0.589673,0.573985,20.8425,-156.3471,Cabaero Farms
2015-04-19,0.432639,25.9,18.6,22.2,22.25,22.2,3.8729671607473355,15.580972360814703,0.595983,0.573985,20.8425,-156.3471,Cabaero Farms
2015-04-20,2.28435,24.9,18.1,21.5,21.5,21.5,3.679305615172716,15.60957290688688,0.635232,0.573985,20.8425,-156.3471,Cabaero Farms
2015-04-21,1.8151,25.6,18.3,22.0,21.950000000000003,22.0,3.8675396935446917,15.63732424579009,0.595104,0.573535,20.8425,-156.3471,Cabaero Farms
2015-04-22,0.0,26.4,18.3,22.3,22.35,22.3,4.111723174507991,15.664233546018083,0.633585,0.572606,20.8425,-156.3471,Cabaero Farms
2015-04-23,0.0124107,27.2,18.6,22.9,22.9,22.9,4.307278530727963,15.69030860206799,0.620476,0.562187,20.8425,-156.3471,Cabaero Farms
2015-04-24,0.0,27.3,18.5,22.9,22.9,22.9,4.364086819079686,15.715557810069289,0.63324,0.562187,20.8425,-156.3471,Cabaero Farms
2015-04-25,0.0,26.9,18.0,22.4,22.45,22.4,4.341635388162001,15.739990142781066,0.6532009999999999,0.554946,20.8425,-156.3471,Cabaero Farms
2015-04-26,1.58728,26.5,18.5,22.5,22.5,22.5,4.13269827052816,15.763615124006792,0.685072,0.54994,20.8425,-156.3471,Cabaero Farms
2015-04-27,66.4012,24.2,19.4,21.8,21.799999999999997,21.8,3.150125969612258,15.786442802476456,0.734883,0.54994,20.8425,-156.3471,Cabaero Farms
2015-04-28,13.069,25.6,18.9,22.2,22.25,22.2,3.764570590769787,15.808483725246306,0.738153,0.54994,20.8425,-156.3471,Cabaero Farms
2015-04-29,3.10214,25.6,19.4,22.5,22.5,22.5,3.653446508899427,15.8297489106666,0.614078,0.54994,20.8425,-156.3471,Cabaero Farms
2015-04-30,2.51725,26.0,18.8,22.4,22.4,22.4,3.932386975333331,15.850249820967838,0.605414,0.54994,20.8425,-156.3471,Cabaero Farms
2015-05-01,5.18923,25.0,18.1,21.6,21.55,21.6,3.777682761709127,15.86999833451616,0.676988,0.540907,20.8425,-156.3471,Cabaero Farms
2015-05-02,4.44783,24.6,18.2,21.4,21.4,21.4,3.6241038887129156,15.889006717788098,0.6400490000000001,0.537439,20.8425,-156.3471,Cabaero Farms
2015-05-03,0.0762303,25.4,18.5,22.0,21.95,22.0,3.8250012944888585,15.907287597114882,0.608471,0.524474,20.8425,-156.3471,Cabaero Farms
2015-05-04,0.996764,25.7,18.1,21.9,21.9,21.9,4.008672681291108,15.924853930245975,0.612819,0.512647,20.8425,-156.3471,Cabaero Farms
2015-05-05,0.992875,25.0,18.3,21.6,21.65,21.6,3.739354232893007,15.941718977781031,0.647402,0.512647,20.8425,-156.3471,Cabaero Farms
2015-05-06,1.54156,25.0,18.4,21.7,21.7,21.7,3.7245390951724606,15.957896274518845,0.614301,0.518045,20.8425,-156.3471,Cabaero Farms
2015-05-07,0.865943,25.1,18.3,21.7,21.700000000000003,21.7,3.784223204010815,15.973399600771133,0.6277940000000001,0.506861,20.8425,-156.3471,Cabaero Farms
2015-05-08,1.99309,24.9,18.5,21.7,21.7,21.7,3.6746472724731656,15.988242953688168,0.669864,0.506861,20.8425,-156.3471,Cabaero Farms
2015-05-09,2.00918,25.0,18.8,21.9,21.9,21.9,3.6383159398162266,16.002440518642285,0.621764,0.506861,20.8425,-156.3471,Cabaero Farms
2015-05-10,2.43812,25.1,18.6,21.8,21.85,21.8,3.7190664699985936,16.016006640714387,0.669627,0.517152,20.8425,-156.3471,Cabaero Farms
2015-05-11,0.296735,25.0,18.4,21.7,21.7,21.7,3.7411242366288895,16.028955796327317,0.617824,0.517736,20.8425,-156.3471,Cabaero Farms
2015-05-12,3.18307,24.8,18.6,21.7,21.700000000000003,21.7,3.628778057489727,16.04130256506886,0.63453,0.522384,20.8425,-156.3471,Cabaero Farms
2015-05-13,1.07105,25.1,18.2,21.7,21.65,21.7,3.8309576344724943,16.05306160174581,0.65485,0.511427,20.8425,-156.3471,Cabaero Farms
2015-05-14,1.42902,24.8,18.2,21.5,21.5,21.5,3.730377162977797,16.064247608709326,0.678906,0.511427,20.8425,-156.3471,Cabaero Farms
2015-05-15,2.38931,25.3,18.0,21.6,21.65,21.6,3.935800718982899,16.074875308490146,0.624045,0.503372,20.8425,-156.3471,Cabaero Farms
2015-05-16,0.831003,25.9,19.0,22.4,22.45,22.4,3.906595126641156,16.084959416781114,0.619316,0.503372,20.8425,-156.3471,Cabaero Farms
2015-05-17,0.389338,25.9,19.2,22.6,22.549999999999997,22.6,3.8710117189537843,16.094514615802602,0.6448999999999999,0.502578,20.8425,-156.3471,Cabaero Farms
2015-05-18,0.568166,25.8,19.0,22.4,22.4,22.4,3.882666786040399,16.10355552808528,0.625919,0.502578,20.8425,-156.3471,Cabaero Farms
2015-05-19,0.183007,25.4,18.9,22.2,22.15,22.2,3.7791711898161755,16.11209669070263,0.639663,0.495476,20.8425,-156.3471,Cabaero Farms
2015-05-20,2.8435,25.3,18.1,21.7,21.700000000000003,21.7,3.929708413390742,16.120152529984487,0.6870010000000001,0.505459,20.8425,-156.3471,Cabaero Farms
2015-05-21,0.227666,25.6,16.6,21.1,21.1,21.1,4.328845978554622,16.127737336740886,0.639607,0.505459,20.8425,-156.3471,Cabaero Farms
2015-05-22,2.36435,26.0,16.9,21.4,21.45,21.4,4.388336698288299,16.134865242024084,0.663848,0.495383,20.8425,-156.3471,Cabaero Farms
2015-05-23,16.9107,25.3,18.3,21.8,21.8,21.8,3.8897105326192554,16.141550193454954,0.6248640000000001,0.505301,20.8425,-156.3471,Cabaero Farms
2015-05-24,0.0121675,24.0,17.5,20.8,20.75,20.8,3.6549828234303705,16.14780593213814,0.632066,0.515333,20.8425,-156.3471,Cabaero Farms
2015-05-25,0.0,24.4,16.3,20.3,20.35,20.3,4.028708841029073,16.153645970189157,0.625258,0.492403,20.8425,-156.3471,Cabaero Farms
2015-05-26,0.0,24.8,16.2,20.5,20.5,20.5,4.174385590030371,16.15908356889446,0.661575,0.482495,20.8425,-156.3471,Cabaero Farms
2015-05-27,0.219543,25.0,17.6,21.3,21.3,21.3,3.9543293119420615,16.164131717524462,0.701605,0.464922,20.8425,-156.3471,Cabaero Farms
2015-05-28,0.271626,25.2,18.8,22.0,22.0,22.0,3.744370092709724,16.168803112817574,0.719139,0.464922,20.8425,-156.3471,Cabaero Farms
2015-05-29,1.00411,25.9,18.4,22.2,22.15,22.2,4.074853534185369,16.173110139151994,0.667825,0.441867,20.8425,-156.3471,Cabaero Farms
2015-05-30,0.0,26.4,18.6,22.5,22.5,22.5,4.1877419259140165,16.17706484942048,0.6715430000000001,0.441867,20.8425,-156.3471,Cabaero Farms
2015-05-31,1.13251,25.9,18.9,22.4,22.4,22.4,3.9582174575654827,16.1806789466219,0.698918,0.44553,20.8425,-156.3471,Cabaero Farms
2015-06-01,2.49041,26.3,19.2,22.8,22.75,22.8,4.026873077851421,16.183963766182064,0.720664,0.441927,20.8425,-156.3471,Cabaero Farms
2015-06-02,0.00973004,26.0,19.3,22.6,22.65,22.6,3.893239294399779,16.18693025901489,0.703445,0.446144,20.8425,-156.3471,Cabaero Farms
2015-06-03,0.251566,26.1,19.7,22.9,22.9,22.9,3.833964216539573,16.1895889753339,0.755151,0.462744,20.8425,-156.3471,Cabaero Farms
2015-06-04,0.0179766,26.6,19.9,23.2,23.25,23.2,3.9522849580317247,16.19195004922275,0.7228530000000001,0.454444,20.8425,-156.3471,Cabaero Farms
2015-06-05,0.00735935,27.0,19.0,23.0,23.0,23.0,4.298211178328539,16.19402318397235,0.679746,0.446144,20.8425,-156.3471,Cabaero Farms
2015-06-06,0.00215948,27.0,18.8,22.9,22.9,22.9,4.341422467765528,16.195817638191272,0.676288,0.446144,20.8425,-156.3471,Cabaero Farms
2015-06-07,0.00528221,26.9,17.9,22.4,22.4,22.4,4.49281878295733,16.197342212694966,0.624674,0.32581,20.8425,-156.3471,Cabaero Farms
2015-06-08,0.0246476,26.5,18.9,22.7,22.7,22.7,4.159750447261434,16.198605238178576,0.633255,0.32581,20.8425,-156.3471,Cabaero Farms
2015-06-09,0.000616954,26.7,19.7,23.2,23.2,23.2,4.04171228367664,16.199614563677216,0.6209899999999999,0.372173,20.8425,-156.3471,Cabaero Farms
2015-06-10,0.0,26.6,19.4,23.0,23.0,23.0,4.07924117923988,16.20037754581695,0.62759,0.377011,20.8425,-156.3471,Cabaero Farms
2015-06-11,0.0,26.6,18.8,22.7,22.700000000000003,22.7,4.2147258393256175,16.20090103885887,0.639787,0.451535,20.8425,-156.3471,Cabaero Farms
2015-06-12,0.00658073,26.6,18.3,22.4,22.450000000000003,22.4,4.315587114222759,16.201191385538277,0.652146,0.472024,20.8425,-156.3471,Cabaero Farms
2015-06-13,0.132528,26.8,18.6,22.7,22.700000000000003,22.7,4.321538906062334,16.201254408700247,0.6603239999999999,0.483716,20.8425,-156.3471,Cabaero Farms
2015-06-14,0.0248867,27.1,19.2,23.2,23.15,23.2,4.2940749241000375,16.20109540373261,0.636102,0.484015,20.8425,-156.3471,Cabaero Farms
2015-06-15,0.247488,26.9,19.2,23.0,23.049999999999997,23.0,4.218593260566653,16.2007191317967,0.689265,0.484015,20.8425,-156.3471,Cabaero Farms
2015-06-16,0.00926545,26.7,19.1,22.9,22.9,22.9,4.180685864341151,16.20012981385617,0.628517,0.492893,20.8425,-156.3471,Cabaero Farms
2015-06-17,0.00152648,27.0,19.9,23.4,23.45,23.4,4.090263711718259,16.19933112550374,0.6464570000000001,0.513477,20.8425,-156.3471,Cabaero Farms
2015-06-18,0.00753188,27.1,19.9,23.5,23.5,23.5,4.128709020968493,16.198326192585455,0.649931,0.530458,20.8425,-156.3471,Cabaero Farms
2015-06-19,0.0927601,26.8,20.3,23.6,23.55,23.6,3.9320822216047455,16.197117587622078,0.67974,0.510745,20.8425,-156.3471,Cabaero Farms
2015-06-20,0.133188,27.2,20.5,23.8,23.85,23.8,4.01105380769547,16.195707327026707,0.6871980000000001,0.525066,20.8425,-156.3471,Cabaero Farms
2015-06-21,0.0,27.1,19.6,23.4,23.35,23.4,4.202545426394519,16.19409686911808,0.663198,0.525066,20.8425,-156.3471,Cabaero Farms
2015-06-22,0.0303447,27.1,19.5,23.3,23.3,23.3,4.219729868629105,16.19228711292846,0.6685599999999999,0.514561,20.8425,-156.3471,Cabaero Farms
2015-06-23,0.0194985,27.3,20.0,23.6,23.65,23.6,4.165277341791997,16.19027839780528,0.643306,0.514561,20.8425,-156.3471,Cabaero Farms
2015-06-24,0.168265,26.7,20.2,23.4,23.45,23.4,3.9109009563638253,16.188070503805427,0.6935859999999999,0.506413,20.8425,-156.3471,Cabaero Farms
2015-06-25,0.0396995,26.5,19.7,23.1,23.1,23.1,3.9704166628120765,16.185662652881245,0.659427,0.514561,20.8425,-156.3471,Cabaero Farms
2015-06-26,0.0,27.2,20.2,23.7,23.7,23.7,4.086819179890452,16.18305351085696,0.649115,0.506413,20.8425,-156.3471,Cabaero Farms
2015-06-27,0.0105373,27.9,20.2,24.0,24.049999999999997,24.0,4.316527096595368,16.180241190194547,0.647833,0.509162,20.8425,-156.3471,Cabaero Farms
2015-06-28,0.00433782,28.3,20.4,24.3,24.35,24.3,4.402784780162029,16.17722325354758,0.6633490000000001,0.51355,20.8425,-156.3471,Cabaero Farms
2015-06-29,0.0,28.4,19.9,24.2,24.15,24.2,4.555163185953842,16.173996718102007,0.684302,0.51355,20.8425,-156.3471,Cabaero Farms
2015-06-30,0.0,28.4,19.5,24.0,23.95,24.0,4.637929355058456,16.17055806070208,0.6608320000000001,0.51355,20.8425,-156.3471,Cabaero Farms
2015-07-01,0.0,28.2,20.2,24.2,24.2,24.2,4.41721927427879,16.16690322376011,0.6706059999999999,0.51355,20.8425,-156.3471,Cabaero Farms
2015-07-02,0.0,28.5,20.4,24.4,24.45,24.4,4.464836003086694,16.163027621948082,0.657016,0.494351,20.8425,-156.3471,Cabaero Farms
2015-07-03,0.0,28.4,20.7,24.6,24.549999999999997,24.6,4.3727188161344985,16.15892614966917,0.6685450000000001,0.488114,20.8425,-156.3471,Cabaero Farms
2015-07-04,0.0,28.5,20.0,24.2,24.25,24.2,4.549698473577177,16.15459318930679,0.615939,0.481007,20.8425,-156.3471,Cabaero Farms
2015-07-05,0.0,28.1,20.2,24.2,24.15,24.2,4.384941532777211,16.150022620248627,0.62561,0.452758,20.8425,-156.3471,Cabaero Farms
2015-07-06,0.0,27.9,20.2,24.0,24.049999999999997,24.0,4.307180977926667,16.14520782868246,0.610757,0.448074,20.8425,-156.3471,Cabaero Farms
2015-07-07,0.0635535,28.1,20.5,24.3,24.3,24.3,4.308479904979602,16.140141718160386,0.636015,0.400242,20.8425,-156.3471,Cabaero Farms
2015-07-08,0.086062,27.3,21.4,24.3,24.35,24.3,3.7948968365637077,16.13481672092742,0.6716289999999999,0.420321,20.8425,-156.3471,Cabaero Farms
2015-07-09,0.211327,27.8,21.2,24.5,24.5,24.5,4.031379344916031,16.129224810009777,0.6248319999999999,0.424777,20.8425,-156.3471,Cabaero Farms
2015-07-10,0.478928,28.2,21.3,24.8,24.75,24.8,4.1497072965622515,16.12335751205767,0.7187600000000001,0.461031,20.8425,-156.3471,Cabaero Farms
2015-07-11,6.2967,29.1,22.2,25.6,25.65,25.6,4.226023089893675,16.117205920936627,0.710406,0.425877,20.8425,-156.3471,Cabaero Farms
2015-07-12,0.282935,29.5,21.8,25.6,25.65,25.6,4.462507668030313,16.110760712060532,0.728507,0.46161,20.8425,-156.3471,Cabaero Farms
2015-07-13,0.548026,28.6,22.3,25.4,25.450000000000003,25.4,4.016205691870554,16.104012157458797,0.657118,0.456615,20.8425,-156.3471,Cabaero Farms
2015-07-14,0.0254497,28.3,21.8,25.0,25.05,25.0,4.039911787012229,16.09695014156914,0.677203,0.456615,20.8425,-156.3471,Cabaero Farms
2015-07-15,0.118583,28.1,21.3,24.7,24.700000000000003,24.7,4.101243006511454,16.089564177746357,0.6591800000000001,0.451795,20.8425,-156.3471,Cabaero Farms
2015-07-16,1.72402,28.5,21.6,25.0,25.05,25.0,4.1584547477969895,16.081843425476695,0.720905,0.436777,20.8425,-156.3471,Cabaero Farms
2015-07-17,7.73216,28.1,22.2,25.2,25.15,25.2,3.8613594218912395,16.073776708285802,0.7312179999999999,0.436777,20.8425,-156.3471,Cabaero Farms
2015-07-18,0.0460615,28.0,21.3,24.6,24.65,24.6,4.055284745087986,16.065352532327772,0.6383449999999999,0.436777,20.8425,-156.3471,Cabaero Farms
2015-07-19,0.127303,27.7,20.3,24.0,24.0,24.0,4.199257049649256,16.056559105640922,0.6464610000000001,0.438538,20.8425,-156.3471,Cabaero Farms
2015-07-20,0.0461646,27.6,19.6,23.6,23.6,23.6,4.321926982541202,16.04738435805501,0.660878,0.438538,20.8425,-156.3471,Cabaero Farms
2015-07-21,0.449428,28.1,20.9,24.5,24.5,24.5,4.186775529056148,16.037815961733294,0.6737430000000001,0.464865,20.8425,-156.3471,Cabaero Farms
2015-07-22,0.0372915,28.2,20.8,24.5,24.5,24.5,4.241887030830419,16.027841352331233,0.6684,0.443536,20.8425,-156.3471,Cabaero Farms
2015-07-23,0.0,28.3,20.8,24.6,24.55,24.6,4.277772067034116,16.017447750752574,0.6224459999999999,0.44455,20.8425,-156.3471,Cabaero Farms
2015-07-24,0.0172937,28.4,21.1,24.8,24.75,24.8,4.2373911900408805,16.006622185481795,0.638936,0.449618,20.8425,-156.3471,Cabaero Farms
2015-07-25,0.220098,29.2,21.1,25.2,25.15,25.2,4.5022809234159435,15.995351515470734,0.627728,0.449618,20.8425,-156.3471,Cabaero Farms
2015-07-26,0.070816,29.3,20.6,25.0,24.950000000000003,25.0,4.640945238686409,15.983622453555594,0.653576,0.449618,20.8425,-156.3471,Cabaero Farms
2015-07-27,0.495954,28.4,20.9,24.6,24.65,24.6,4.2654798825199105,15.971421590379004,0.652432,0.449618,20.8425,-156.3471,Cabaero Farms
2015-07-28,0.04301,29.0,21.2,25.1,25.1,25.1,4.397753714819117,15.958735418790608,0.637109,0.429611,20.8425,-156.3471,Cabaero Farms
2015-07-29,0.0,29.7,21.4,25.6,25.549999999999997,25.6,4.585599540260769,15.945550358697782,0.61519,0.417754,20.8425,-156.3471,Cabaero Farms
2015-07-30,0.00396672,29.4,21.5,25.4,25.45,25.4,4.449297167606785,15.931852782337002,0.631659,0.406498,20.8425,-156.3471,Cabaero Farms
2015-07-31,0.0,28.8,21.8,25.3,25.3,25.3,4.174769533670433,15.917629039934656,0.637741,0.406498,20.8425,-156.3471,Cabaero Farms
2015-08-01,0.0428817,28.3,21.9,25.1,25.1,25.1,3.9696343107149406,15.902865485724837,0.631043,0.402939,20.8425,-156.3471,Cabaero Farms
2015-08-02,0.0526957,28.8,22.0,25.4,25.4,25.4,4.116450795905665,15.887548504290146,0.6275379999999999,0.402939,20.8425,-156.3471,Cabaero Farms
2015-08-03,0.0905966,28.3,21.6,25.0,24.950000000000003,25.0,4.044189358224071,15.871664537190366,0.6594549999999999,0.402939,20.8425,-156.3471,Cabaero Farms
2015-08-04,0.0475134,28.5,21.4,25.0,24.95,25.0,4.158842821714342,15.855200109842198,0.682516,0.402939,20.8425,-156.3471,Cabaero Farms
2015-08-05,0.1185,29.0,21.9,25.4,25.45,25.4,4.193194289829476,15.838141858612454,0.679376,0.391293,20.8425,-156.3471,Cabaero Farms
2015-08-06,1.83852,28.4,21.6,25.0,25.0,25.0,4.06111813452767,15.82047655808548,0.7117910000000001,0.391293,20.8425,-156.3471,Cabaero Farms
2015-08-07,2.37293,28.9,21.8,25.3,25.35,25.3,4.173991798647243,15.80219114846474,0.728126,0.396721,20.8425,-156.3471,Cabaero Farms
2015-08-08,0.00291977,29.5,22.5,26.0,26.0,26.0,4.206762835385762,15.783272763067124,0.61297,0.397941,20.8425,-156.3471,Cabaero Farms
2015-08-09,0.0,28.4,22.1,25.2,25.25,25.2,3.9131362413342976,15.763708755867912,0.622093,0.397207,20.8425,-156.3471,Cabaero Farms
2015-08-10,0.0308252,28.2,21.3,24.8,24.75,24.8,4.0519390396215815,15.743486729053037,0.6372639999999999,0.396005,20.8425,-156.3471,Cabaero Farms
2015-08-11,0.0,28.8,21.2,25.0,25.0,25.0,4.266803243536458,15.722594560534665,0.702984,0.396005,20.8425,-156.3471,Cabaero Farms
2015-08-12,0.0,29.3,22.1,25.7,25.700000000000003,25.7,4.215132393022922,15.701020431385333,0.660749,0.402682,20.8425,-156.3471,Cabaero Farms
2015-08-13,0.624533,28.7,22.2,25.4,25.45,25.4,3.9717305319902585,15.678752853145193,0.688643,0.42377,20.8425,-156.3471,Cabaero Farms
2015-08-14,0.585946,29.0,22.4,25.7,25.7,25.7,4.024053905988074,15.65578069495636,0.682906,0.435515,20.8425,-156.3471,Cabaero Farms
2015-08-15,1.12508,29.0,22.3,25.6,25.65,25.6,4.038983721887037,15.63209321047794,0.6528959999999999,0.435515,20.8425,-156.3471,Cabaero Farms
2015-08-16,0.0168256,29.0,21.9,25.4,25.45,25.4,4.132178857111642,15.607680064534941,0.691169,0.43514,20.8425,-156.3471,Cabaero Farms
2015-08-17,0.0408589,28.6,21.5,25.0,25.05,25.0,4.087321398622786,15.582531359454112,0.717229,0.438778,20.8425,-156.3471,Cabaero Farms
2015-08-18,1.76132,28.3,21.3,24.8,24.8,24.8,4.0327582798805235,15.55663766103939,0.739798,0.438778,20.8425,-156.3471,Cabaero Farms
2015-08-19,15.5707,28.1,21.2,24.7,24.65,24.7,3.9876082715603576,15.529990024140016,0.7221,0.446483,20.8425,-156.3471,Cabaero Farms
2015-08-20,1.38185,28.5,21.2,24.8,24.85,24.8,4.103957426430645,15.502580017764128,0.71502,0.43514,20.8425,-156.3471,Cabaero Farms
2015-08-21,0.00915998,28.9,21.9,25.4,25.4,25.4,4.067938837975819,15.474399749691008,0.684864,0.435514,20.8425,-156.3471,Cabaero Farms
2015-08-22,0.428214,29.6,22.9,26.2,26.25,26.2,4.045928948306712,15.445441890535637,0.697444,0.434797,20.8425,-156.3471,Cabaero Farms
2015-08-23,0.307247,29.7,22.7,26.2,26.2,26.2,4.1275540977114815,15.415699697219331,0.7733289999999999,,20.8425,-156.3471,Cabaero Farms
2015-08-24,27.5552,27.4,21.1,24.2,24.25,24.2,3.7303503046652673,15.385167035801242,0.7617740000000001,0.43443,20.8425,-156.3471,Cabaero Farms
2015-08-25,10.7207,28.9,21.3,25.1,25.1,25.1,4.176465418560665,15.353838403625884,0.746923,0.433173,20.8425,-156.3471,Cabaero Farms
2015-08-26,0.927051,28.5,21.5,25.0,25.0,25.0,3.990504761208861,15.321708950742781,0.7598940000000001,0.443934,20.8425,-156.3471,Cabaero Farms
2015-08-27,0.0859007,28.7,21.3,25.0,25.0,25.0,4.0941159672492,15.288774500555391,0.764602,0.430829,20.8425,-156.3471,Cabaero Farms
2015-08-28,0.0,28.8,21.6,25.2,25.200000000000003,25.2,4.048327611022062,15.255031569657326,0.75092,0.427228,20.8425,-156.3471,Cabaero Farms
2015-08-29,0.00306388,28.8,22.0,25.4,25.4,25.4,3.9436132161044926,15.220477386815242,0.6832680000000001,0.427228,20.8425,-156.3471,Cabaero Farms
2015-08-30,1.184,28.8,22.0,25.4,25.4,25.4,3.934449532123489,15.185109911058946,0.7363299999999999,0.429341,20.8425,-156.3471,Cabaero Farms
2015-08-31,3.80157,28.7,22.3,25.5,25.5,25.5,3.8166964108666486,15.148927848840794,0.75247,0.429341,20.8425,-156.3471,Cabaero Farms
2015-09-01,3.77642,29.5,22.2,25.8,25.85,25.8,4.09445128030909,15.111930670227823,0.712693,0.429341,20.8425,-156.3471,Cabaero Farms
2015-09-02,2.23974,29.2,22.4,25.8,25.799999999999997,25.8,3.9418555934233335,15.074118624091899,0.7213930000000001,0.457657,20.8425,-156.3471,Cabaero Farms
2015-09-03,1.53144,28.6,22.0,25.3,25.3,25.3,3.829082640920699,15.035492752264599,0.7538379999999999,0.457657,20.8425,-156.3471,Cabaero Farms
2015-09-04,0.03077,28.8,21.6,25.2,25.200000000000003,25.2,3.979601277224105,14.99605490262569,0.741666,0.457657,20.8425,-156.3471,Cabaero Farms
2015-09-05,0.0185373,28.6,20.7,24.7,24.65,24.7,4.109038262292872,14.955807741095763,0.7132040000000001,0.510166,20.8425,-156.3471,Cabaero Farms
2015-09-06,1.13182,28.5,20.8,24.6,24.65,24.6,4.036037307428068,14.914754762505579,0.743518,,20.8425,-156.3471,Cabaero Farms
2015-09-07,0.0160281,28.4,21.7,25.0,25.049999999999997,25.0,3.7896986153865253,14.872900300317035,0.753537,0.535778,20.8425,-156.3471,Cabaero Farms
2015-09-08,0.435655,28.9,22.0,25.4,25.45,25.4,3.8706560993575674,14.830249535172461,0.733426,0.549249,20.8425,-156.3471,Cabaero Farms
2015-09-09,0.0245472,28.7,21.2,25.0,24.95,25.0,3.9863615502486587,14.786808502251485,0.749324,0.558796,20.8425,-156.3471,Cabaero Farms
2015-09-10,0.187624,29.0,21.5,25.2,25.25,25.2,3.9930112807726963,14.742584097416918,0.723853,0.558796,20.8425,-156.3471,Cabaero Farms
2015-09-11,0.0,29.0,22.1,25.6,25.55,25.6,3.8537901669459984,14.697584082133382,0.740212,0.558796,20.8425,-156.3471,Cabaero Farms
2015-09-12,0.0,29.4,21.7,25.6,25.549999999999997,25.6,4.05839595476183,14.651817087145034,0.6997880000000001,0.558796,20.8425,-156.3471,Cabaero Farms
2015-09-13,1.16574,28.8,22.6,25.7,25.700000000000003,25.7,3.6385068773618237,14.605292614901003,0.7553489999999999,0.558796,20.8425,-156.3471,Cabaero Farms
2015-09-14,0.0,27.7,21.7,24.7,24.7,24.7,3.485737944213946,14.558021040719835,0.6970010000000001,0.558796,20.8425,-156.3471,Cabaero Farms
2015-09-15,1.23199,27.8,21.9,24.8,24.85,24.8,3.453275765280644,14.510013612686562,0.775693,0.558796,20.8425,-156.3471,Cabaero Farms
2015-09-16,1.79911,28.0,22.9,25.4,25.45,25.4,3.244916154234308,14.461282450278897,0.751276,0.558796,20.8425,-156.3471,Cabaero Farms
2015-09-17,0.0,28.2,21.2,24.7,24.7,24.7,3.72722177229305,14.411840541721334,0.675139,0.558796,20.8425,-156.3471,Cabaero Farms
2015-09-18,0.00760393,27.5,21.2,24.4,24.35,24.4,3.4987786269624244,14.361701740068677,0.698681,0.560261,20.8425,-156.3471,Cabaero Farms
2015-09-19,0.494654,28.0,21.0,24.5,24.5,24.5,3.6836943373619038,14.31088075802309,0.694699,0.560261,20.8425,-156.3471,Cabaero Farms
2015-09-20,2.21132,28.5,21.6,25.0,25.05,25.0,3.6872042355026386,14.259393161491424,0.722135,0.519606,20.8425,-156.3471,Cabaero Farms
2015-09-21,0.790425,28.6,22.5,25.6,25.55,25.6,3.5026171483938393,14.207255361891916,0.734013,0.476327,20.8425,-156.3471,Cabaero Farms
2015-09-22,0.0,28.3,22.3,25.3,25.3,25.3,3.4369624855493415,14.154484607222317,0.706233,0.476327,20.8425,-156.3471,Cabaero Farms
2015-09-23,0.0,28.1,21.6,24.8,24.85,24.8,3.5224681444329136,14.101098971903525,0.7161740000000001,0.503448,20.8425,-156.3471,Cabaero Farms
2015-09-24,0.0,28.3,21.6,25.0,24.950000000000003,25.0,3.579284475736028,14.047117345415845,0.674326,0.503448,20.8425,-156.3471,Cabaero Farms
2015-09-25,0.0994182,28.6,21.7,25.2,25.15,25.2,3.6351136783313005,13.992559419746913,0.6608620000000001,0.503448,20.8425,-156.3471,Cabaero Farms
2015-09-26,0.659634,28.2,22.2,25.2,25.2,25.2,3.376409429070433,13.937445675673127,0.6524939999999999,0.503448,20.8425,-156.3471,Cabaero Farms
2015-09-27,1.40428,27.3,21.2,24.2,24.25,24.2,3.3119802981712785,13.8817973678986,0.704925,0.533194,20.8425,-156.3471,Cabaero Farms
2015-09-28,0.768838,27.1,20.6,23.8,23.85,23.8,3.3725855862305663,13.82563650907787,0.6517390000000001,0.563732,20.8425,-156.3471,Cabaero Farms
2015-09-29,0.0416837,27.6,21.0,24.3,24.3,24.3,3.425183579556025,13.76898585275096,0.65108,0.592661,20.8425,-156.3471,Cabaero Farms
2015-09-30,0.642301,27.3,21.0,24.2,24.15,24.2,3.324635612807196,13.711868875221342,0.6421439999999999,0.596882,20.8425,-156.3471,Cabaero Farms
2015-10-01,0.158968,26.8,19.9,23.3,23.35,23.3,3.390501603649482,13.654309756409539,0.635694,0.593392,20.8425,-156.3471,Cabaero Farms
2015-10-02,3.83424,27.3,20.0,23.6,23.65,23.6,3.497932393945556,13.596333359717041,0.6411549999999999,0.600055,20.8425,-156.3471,Cabaero Farms
2015-10-03,0.408932,27.2,20.3,23.8,23.75,23.8,3.402507614215247,13.537965210936838,0.659554,0.59635,20.8425,-156.3471,Cabaero Farms
2015-10-04,5.22829,27.0,21.0,24.0,24.0,24.0,3.1742773806943556,13.47923147624901,0.7673059999999999,0.593022,20.8425,-156.3471,Cabaero Farms
2015-10-05,17.3296,27.3,20.5,23.9,23.9,23.9,3.356417731157622,13.420158939341162,0.74693,0.593022,20.8425,-156.3471,Cabaero Farms
2015-10-06,29.1998,26.1,19.7,22.9,22.9,22.9,3.164053963801378,13.360774977695097,0.6597270000000001,0.593022,20.8425,-156.3471,Cabaero Farms
2015-10-07,0.263091,26.2,18.9,22.6,22.549999999999997,22.6,3.339323054983449,13.301107538082611,0.663438,0.593022,20.8425,-156.3471,Cabaero Farms
2015-10-08,0.649694,26.4,18.6,22.5,22.5,22.5,3.427733433449571,13.241185111314557,0.685467,0.592444,20.8425,-156.3471,Cabaero Farms
2015-10-09,0.0,27.5,19.5,23.5,23.5,23.5,3.541379350454911,13.181036706288443,0.7150700000000001,0.589476,20.8425,-156.3471,Cabaero Farms
2015-10-10,1.04936,28.2,20.5,24.4,24.35,24.4,3.533803402311425,13.120691823380955,0.6893300000000001,0.589872,20.8425,-156.3471,Cabaero Farms
2015-10-11,4.1483,28.2,22.2,25.2,25.2,25.2,3.163887943745471,13.060180427232714,0.765778,0.588355,20.8425,-156.3471,Cabaero Farms
2015-10-12,0.0,27.9,21.7,24.8,24.799999999999997,24.8,3.171473069855914,12.999532918973339,0.7557699999999999,0.588355,20.8425,-156.3471,Cabaero Farms
2015-10-13,0.0,27.7,20.7,24.2,24.2,24.2,3.3068879423385753,12.93878010793548,0.708597,0.595109,20.8425,-156.3471,Cabaero Farms
2015-10-14,0.0331814,27.4,20.3,23.8,23.85,23.8,3.283198819253108,12.877953182907271,0.7273860000000001,0.597775,20.8425,-156.3471,Cabaero Farms
2015-10-15,0.141004,27.2,20.4,23.8,23.799999999999997,23.8,3.1978997336757655,12.81708368297263,0.737671,0.60674,20.8425,-156.3471,Cabaero Farms
2015-10-16,5.36613,27.4,21.4,24.4,24.4,24.4,3.032755157887556,12.756203467989467,0.768426,0.603645,20.8425,-156.3471,Cabaero Farms
2015-10-17,6.36988,28.4,22.4,25.4,25.4,25.4,3.0898095049988554,12.695344688755812,0.770822,0.610638,20.8425,-156.3471,Cabaero Farms
2015-10-18,0.362996,28.0,21.8,24.9,24.9,24.9,3.089662075791828,12.634539756913826,0.7024009999999999,0.563839,20.8425,-156.3471,Cabaero Farms
2015-10-19,0.0,28.0,20.0,24.0,24.0,24.0,3.419136156949764,12.573821314641615,0.668122,0.5944,20.8425,-156.3471,Cabaero Farms
2015-10-20,0.00199888,27.5,21.0,24.2,24.25,24.2,3.081789430717441,12.51322220418238,0.6869759999999999,0.60618,20.8425,-156.3471,Cabaero Farms
2015-10-21,0.00851312,27.9,20.8,24.3,24.35,24.3,3.212959584842996,12.452775437260144,0.702912,0.60618,20.8425,-156.3471,Cabaero Farms
2015-10-22,0.0184035,27.6,20.5,24.0,24.05,24.0,3.174627077064146,12.39251416443063,0.687109,0.60618,20.8425,-156.3471,Cabaero Farms
2015-10-23,0.0,27.5,19.4,23.4,23.45,23.4,3.3259650946220454,12.332471644415252,0.665514,0.614252,20.8425,-156.3471,Cabaero Farms
2015-10-24,0.778609,27.1,19.4,23.2,23.25,23.2,3.2114155708631826,12.272681213465475,0.7059829999999999,0.625004,20.8425,-156.3471,Cabaero Farms
2015-10-25,0.0,27.3,18.8,23.0,23.05,23.0,3.341381676118282,12.213176254803711,0.673058,0.632127,20.8425,-156.3471,Cabaero Farms
2015-10-26,0.52671,27.0,19.3,23.2,23.15,23.2,3.180357461856472,12.153990168186038,0.7306950000000001,0.620339,20.8425,-156.3471,Cabaero Farms
2015-10-27,0.770996,26.6,20.0,23.3,23.3,23.3,2.9373325098513683,12.095156339630837,0.634792,0.616183,20.8425,-156.3471,Cabaero Farms
2015-10-28,0.0591389,27.1,19.5,23.3,23.3,23.3,3.1367808872970437,12.036708111356258,0.659073,0.622398,20.8425,-156.3471,Cabaero Farms
2015-10-29,0.00469556,28.3,18.9,23.6,23.6,23.6,3.4970433984954066,11.97867875196791,0.662624,0.609546,20.8425,-156.3471,Cabaero Farms
2015-10-30,0.0768531,28.5,20.3,24.4,24.4,24.4,3.313321634261515,11.921101426937007,0.700094,0.609546,20.8425,-156.3471,Cabaero Farms
2015-10-31,0.00550226,28.7,21.9,25.3,25.299999999999997,25.3,3.0668394152666907,11.86400916940731,0.728146,0.58937,20.8425,-156.3471,Cabaero Farms
2015-11-01,0.0,28.6,20.8,24.7,24.700000000000003,24.7,3.223440256758774,11.807434851368011,0.681492,0.586417,20.8425,-156.3471,Cabaero Farms
2015-11-02,0.0,28.1,20.1,24.1,24.1,24.1,3.2031470300113263,11.751411155227549,0.658736,0.597721,20.8425,-156.3471,Cabaero Farms
2015-11-03,0.0,27.6,20.7,24.2,24.15,24.2,2.9678226002992307,11.695970545821988,0.635174,0.597721,20.8425,-156.3471,Cabaero Farms
2015-11-04,0.0,27.5,20.7,24.1,24.1,24.1,2.9254455767093934,11.641145242889431,0.606955,0.589106,20.8425,-156.3471,Cabaero Farms
2015-11-05,2.62652,27.2,21.1,24.2,24.15,24.2,2.764469617670807,11.586967194040257,0.6853440000000001,0.580378,20.8425,-156.3471,Cabaero Farms
2015-11-06,0.992387,26.8,20.8,23.8,23.8,23.8,2.703066365820645,11.533468048250892,0.654522,0.580378,20.8425,-156.3471,Cabaero Farms
2015-11-07,0.456059,26.8,20.7,23.8,23.75,23.8,2.713024172753461,11.480679129906912,0.6907760000000001,0.578775,20.8425,-156.3471,Cabaero Farms
2015-11-08,0.00889534,26.8,20.3,23.6,23.55,23.6,2.774463922662461,11.428631413419183,0.653843,0.578775,20.8425,-156.3471,Cabaero Farms
2015-11-09,1.1512,26.6,20.4,23.5,23.5,23.5,2.691008445409317,11.377355498434719,0.7084959999999999,0.563979,20.8425,-156.3471,Cabaero Farms
2015-11-10,0.108982,26.8,21.0,23.9,23.9,23.9,2.616304258327197,11.326881585661834,0.6703589999999999,0.553537,20.8425,-156.3471,Cabaero Farms
2015-11-11,0.737077,26.7,21.5,24.1,24.1,24.1,2.478256950380116,11.277239453327088,0.66018,0.571214,20.8425,-156.3471,Cabaero Farms
2015-11-12,1.33562,26.4,20.6,23.5,23.5,23.5,2.5686919229094314,11.22845843427939,0.68644,0.583633,20.8425,-156.3471,Cabaero Farms
2015-11-13,0.285027,25.4,20.4,22.9,22.9,22.9,2.3402976212279984,11.18056739375464,0.720414,0.572027,20.8425,-156.3471,Cabaero Farms
2015-11-14,0.81574,25.9,20.4,23.2,23.15,23.2,2.462229018019521,11.133594707811943,0.6357459999999999,0.583252,20.8425,-156.3471,Cabaero Farms
2015-11-15,0.228594,26.0,20.6,23.3,23.3,23.3,2.435582492981002,11.087568242450681,0.629068,0.5621,20.8425,-156.3471,Cabaero Farms
2015-11-16,0.0,27.2,19.3,23.2,23.25,23.2,2.9268013680905276,11.042515333415524,0.648232,0.552749,20.8425,-156.3471,Cabaero Farms
2015-11-17,0.0,26.8,18.8,22.8,22.8,22.8,2.904897762203662,10.998462766694345,0.615658,0.575175,20.8425,-156.3471,Cabaero Farms
2015-11-18,0.0,26.9,19.3,23.1,23.1,23.1,2.8411073024923046,10.955436759712384,0.649555,0.554741,20.8425,-156.3471,Cabaero Farms
2015-11-19,2.1594,26.7,20.4,23.6,23.549999999999997,23.6,2.6083209521711366,10.913462943223651,0.7433799999999999,0.554741,20.8425,-156.3471,Cabaero Farms
2015-11-20,38.5856,25.3,20.2,22.8,22.75,22.8,2.29282561025187,10.872566343899168,0.8295980000000001,0.554741,20.8425,-156.3471,Cabaero Farms
2015-11-21,5.49967,26.2,20.8,23.5,23.5,23.5,2.391191425842787,10.832771367609553,0.828059,0.556549,20.8425,-156.3471,Cabaero Farms
2015-11-22,0.0374766,26.5,21.3,23.9,23.9,23.9,2.3607612706481036,10.794101783397828,0.796295,0.556549,20.8425,-156.3471,Cabaero Farms
2015-11-23,0.520855,26.2,21.1,23.7,23.65,23.7,2.3186503419384494,10.756580708136843,0.7724460000000001,0.560556,20.8425,-156.3471,Cabaero Farms
2015-11-24,7.43674,24.3,20.3,22.3,22.3,22.3,1.9774537349752346,10.720230591864006,0.843276,0.560556,20.8425,-156.3471,Cabaero Farms
2015-11-25,49.4214,24.4,20.4,22.4,22.4,22.4,1.9758837368438662,10.685073203784697,0.8347060000000001,0.557342,20.8425,-156.3471,Cabaero Farms
2015-11-26,4.45686,25.8,20.2,23.0,23.0,23.0,2.3652534382894723,10.651129618934357,0.7314069999999999,0.544867,20.8425,-156.3471,Cabaero Farms
2015-11-27,0.0541553,26.1,20.9,23.5,23.5,23.5,2.3000615993825644,10.6184202054881,0.7425409999999999,0.54093,20.8425,-156.3471,Cabaero Farms
2015-11-28,4.23734,25.9,20.5,23.2,23.2,23.2,2.3199575272126576,10.586964612705508,0.6900320000000001,0.540903,20.8425,-156.3471,Cabaero Farms
2015-11-29,1.84917,25.5,20.0,22.8,22.75,22.8,2.31188782465815,10.556781759497351,0.689218,0.555682,20.8425,-156.3471,Cabaero Farms
2015-11-30,0.116374,25.7,19.3,22.5,22.5,22.5,2.4686765998847435,10.527889823600116,0.6554000000000001,0.531534,20.8425,-156.3471,Cabaero Farms
2015-12-01,0.000681658,25.5,18.8,22.2,22.15,22.2,2.500501927927721,10.50030623134348,0.624684,0.555682,20.8425,-156.3471,Cabaero Farms
2015-12-02,0.312789,25.4,19.1,22.2,22.25,22.2,2.418647887333084,10.47404764799526,0.653038,0.566039,20.8425,-156.3471,Cabaero Farms
2015-12-03,0.0,25.5,18.9,22.2,22.2,22.2,2.4696756863372133,10.449129968667961,0.648182,0.566039,20.8425,-156.3471,Cabaero Farms
2015-12-04,0.0,25.7,18.3,22.0,22.0,22.0,2.5961304206886098,10.425568309770672,0.620531,0.567632,20.8425,-156.3471,Cabaero Farms
2015-12-05,0.0,25.5,18.3,21.9,21.9,21.9,2.5489359809781633,10.403377000989822,0.639741,0.584318,20.8425,-156.3471,Cabaero Farms
2015-12-06,0.0,25.7,18.3,22.0,22.0,22.0,2.585423060394304,10.382569577782467,0.6248429999999999,0.581003,20.8425,-156.3471,Cabaero Farms
2015-12-07,0.0,26.1,17.8,22.0,21.950000000000003,22.0,2.733015572836082,10.363158774365495,0.613866,0.585638,20.8425,-156.3471,Cabaero Farms
2015-12-08,0.00382961,25.4,18.2,21.8,21.799999999999997,21.8,2.528286791992954,10.345156517184737,0.6434770000000001,0.585638,20.8425,-156.3471,Cabaero Farms
2015-12-09,0.131451,24.7,19.0,21.8,21.85,21.8,2.2459537655156523,10.328573918848058,0.7114539999999999,0.583526,20.8425,-156.3471,Cabaero Farms
2015-12-10,0.929936,25.2,20.2,22.7,22.7,22.7,2.1481797539272858,10.3134212725071,0.67758,0.583526,20.8425,-156.3471,Cabaero Farms
2015-12-11,0.0,26.3,19.1,22.7,22.700000000000003,22.7,2.5743881157503825,10.299708046672844,0.683689,0.584608,20.8425,-156.3471,Cabaero Farms
2015-12-12,0.0,25.7,18.6,22.2,22.15,22.2,2.5218801226308885,10.287442880451096,0.707606,0.590103,20.8425,-156.3471,Cabaero Farms
2015-12-13,0.0,25.6,18.0,21.8,21.8,21.8,2.5803623102760027,10.276633579184457,0.721227,0.593835,20.8425,-156.3471,Cabaero Farms
2015-12-14,0.0,25.2,17.9,21.6,21.549999999999997,21.6,2.513860618882843,10.267287110488775,0.7153050000000001,0.604154,20.8425,-156.3471,Cabaero Farms
2015-12-15,0.0879839,25.3,19.1,22.2,22.200000000000003,22.2,2.350206598119486,10.2594096006726,0.7282540000000001,0.598219,20.8425,-156.3471,Cabaero Farms
2015-12-16,0.0,25.4,19.8,22.6,22.6,22.6,2.25452180591998,10.253006331529757,0.647796,0.598219,20.8425,-156.3471,Cabaero Farms
2015-12-17,0.0793655,25.3,19.4,22.3,22.35,22.3,2.29583564849684,10.248081737496022,0.658668,0.598219,20.8425,-156.3471,Cabaero Farms
2015-12-18,0.362594,24.1,19.1,21.6,21.6,21.6,2.075896690208437,10.244639403162406,0.737218,0.598429,20.8425,-156.3471,Cabaero Farms
2015-12-19,5.179,24.4,18.5,21.4,21.45,21.4,2.2431256474441805,10.242682061138774,0.6591070000000001,0.592705,20.8425,-156.3471,Cabaero Farms
2015-12-20,10.5282,24.0,18.6,21.3,21.3,21.3,2.140401353114228,10.242211590263077,0.623533,0.592542,20.8425,-156.3471,Cabaero Farms
2015-12-21,1.21639,24.6,19.1,21.8,21.85,21.8,2.1879694274875336,10.243229014152766,0.6820080000000001,0.595871,20.8425,-156.3471,Cabaero Farms
2015-12-22,1.25171,24.5,19.1,21.8,21.8,21.8,2.1685178410703614,10.245734500096585,0.735167,0.612715,20.8425,-156.3471,Cabaero Farms
2015-12-23,0.0196691,25.1,18.9,22.0,22.0,22.0,2.3362486648810163,10.249727358286478,0.7308490000000001,0.622098,20.8425,-156.3471,Cabaero Farms
2015-12-24,0.0,25.1,18.8,21.9,21.950000000000003,21.9,2.350352534217327,10.25520604139066,0.68702,0.622098,20.8425,-156.3471,Cabaero Farms
2015-12-25,0.263518,24.9,19.3,22.1,22.1,22.1,2.22860895593692,10.26216814447077,0.683137,0.626103,20.8425,-156.3471,Cabaero Farms
2015-12-26,2.01519,24.2,19.5,21.8,21.85,21.8,2.0280011940379277,10.270610405247202,0.744067,0.626103,20.8425,-156.3471,Cabaero Farms
2015-12-27,2.00228,24.8,19.3,22.1,22.05,22.1,2.2125725826792815,10.280528704718444,0.7142959999999999,0.621193,20.8425,-156.3471,Cabaero Farms
2015-12-28,0.0,25.3,18.0,21.6,21.65,21.6,2.5198913058386627,10.291918068141628,0.700889,0.623541,20.8425,-156.3471,Cabaero Farms
2015-12-29,0.00901351,25.2,17.7,21.5,21.45,21.5,2.5508765027599587,10.30477266638285,0.724904,0.623237,20.8425,-156.3471,Cabaero Farms
2015-12-30,0.665967,24.4,18.4,21.4,21.4,21.4,2.2789287770488236,10.319085817647341,0.6753100000000001,0.624147,20.8425,-156.3471,Cabaero Farms
2015-12-31,3.08344,24.4,17.8,21.1,21.1,21.1,2.3754920555877495,10.334849989600698,0.707211,0.624147,20.8425,-156.3471,Cabaero Farms
